"id","cnt","radon","floor","sample.size","jitter","uranium"
1,"AITKIN",0.78845736036427,1,4,3.71442485135211,-0.6890475953545
1,"AITKIN",0.78845736036427,0,4,3.71442485135211,-0.6890475953545
1,"AITKIN",1.06471073699243,0,4,3.71442485135211,-0.6890475953545
1,"AITKIN",0,0,4,3.71442485135211,-0.6890475953545
2,"ANOKA",1.1314021114911,0,52,55.3006443576792,-0.847312860499705
2,"ANOKA",0.916290731874155,0,52,55.3006443576792,-0.847312860499705
2,"ANOKA",0.405465108108164,0,52,55.3006443576792,-0.847312860499705
2,"ANOKA",0,0,52,55.3006443576792,-0.847312860499705
2,"ANOKA",-0.356674943938732,0,52,55.3006443576792,-0.847312860499705
2,"ANOKA",0.182321556793955,0,52,55.3006443576792,-0.847312860499705
2,"ANOKA",0.182321556793955,0,52,55.3006443576792,-0.847312860499705
2,"ANOKA",0.262364264467491,0,52,55.3006443576792,-0.847312860499705
2,"ANOKA",0.336472236621213,0,52,55.3006443576792,-0.847312860499705
2,"ANOKA",-0.916290731874155,0,52,55.3006443576792,-0.847312860499705
2,"ANOKA",0.0953101798043249,0,52,55.3006443576792,-0.847312860499705
2,"ANOKA",1.50407739677627,0,52,55.3006443576792,-0.847312860499705
2,"ANOKA",0.262364264467491,0,52,55.3006443576792,-0.847312860499705
2,"ANOKA",0.741937344729377,0,52,55.3006443576792,-0.847312860499705
2,"ANOKA",1.77495235091167,0,52,55.3006443576792,-0.847312860499705
2,"ANOKA",1.19392246847243,0,52,55.3006443576792,-0.847312860499705
2,"ANOKA",0.587786664902119,0,52,55.3006443576792,-0.847312860499705
2,"ANOKA",1.68639895357023,0,52,55.3006443576792,-0.847312860499705
2,"ANOKA",1.84054963339749,0,52,55.3006443576792,-0.847312860499705
2,"ANOKA",0.641853886172395,0,52,55.3006443576792,-0.847312860499705
2,"ANOKA",1.88706964903238,0,52,55.3006443576792,-0.847312860499705
2,"ANOKA",1.1314021114911,0,52,55.3006443576792,-0.847312860499705
2,"ANOKA",1.91692261218206,0,52,55.3006443576792,-0.847312860499705
2,"ANOKA",1.94591014905531,0,52,55.3006443576792,-0.847312860499705
2,"ANOKA",2.04122032885964,0,52,55.3006443576792,-0.847312860499705
2,"ANOKA",1.64865862558738,0,52,55.3006443576792,-0.847312860499705
2,"ANOKA",1.50407739677627,0,52,55.3006443576792,-0.847312860499705
2,"ANOKA",1.48160454092422,0,52,55.3006443576792,-0.847312860499705
2,"ANOKA",1.02961941718116,0,52,55.3006443576792,-0.847312860499705
2,"ANOKA",2.09186406167839,0,52,55.3006443576792,-0.847312860499705
2,"ANOKA",0.470003629245736,0,52,55.3006443576792,-0.847312860499705
2,"ANOKA",1.43508452528932,0,52,55.3006443576792,-0.847312860499705
2,"ANOKA",1.68639895357023,0,52,55.3006443576792,-0.847312860499705
2,"ANOKA",1.38629436111989,0,52,55.3006443576792,-0.847312860499705
2,"ANOKA",0.832909122935104,0,52,55.3006443576792,-0.847312860499705
2,"ANOKA",1.06471073699243,0,52,55.3006443576792,-0.847312860499705
2,"ANOKA",0.336472236621213,0,52,55.3006443576792,-0.847312860499705
2,"ANOKA",1.19392246847243,0,52,55.3006443576792,-0.847312860499705
2,"ANOKA",1.06471073699243,0,52,55.3006443576792,-0.847312860499705
2,"ANOKA",0.587786664902119,1,52,55.3006443576792,-0.847312860499705
2,"ANOKA",-1.6094379124341,1,52,55.3006443576792,-0.847312860499705
2,"ANOKA",0.8754687373539,0,52,55.3006443576792,-0.847312860499705
2,"ANOKA",0.0953101798043249,1,52,55.3006443576792,-0.847312860499705
2,"ANOKA",0.78845736036427,0,52,55.3006443576792,-0.847312860499705
2,"ANOKA",-0.510825623765991,0,52,55.3006443576792,-0.847312860499705
2,"ANOKA",0.53062825106217,0,52,55.3006443576792,-0.847312860499705
2,"ANOKA",1.06471073699243,0,52,55.3006443576792,-0.847312860499705
2,"ANOKA",0.78845736036427,0,52,55.3006443576792,-0.847312860499705
2,"ANOKA",0.53062825106217,0,52,55.3006443576792,-0.847312860499705
2,"ANOKA",0.336472236621213,0,52,55.3006443576792,-0.847312860499705
2,"ANOKA",0.641853886172395,0,52,55.3006443576792,-0.847312860499705
2,"ANOKA",0.587786664902119,0,52,55.3006443576792,-0.847312860499705
3,"BECKER",0.182321556793955,1,3,2.93688925853928,-0.11345877376814
3,"BECKER",1.45861502269952,0,3,2.93688925853928,-0.11345877376814
3,"BECKER",1.50407739677627,1,3,2.93688925853928,-0.11345877376814
4,"BELTRAMI",1.84054963339749,0,7,7.06276306693464,-0.593352525607471
4,"BELTRAMI",1.52605630349505,0,7,7.06276306693464,-0.593352525607471
4,"BELTRAMI",1.7404661748405,0,7,7.06276306693464,-0.593352525607471
4,"BELTRAMI",0.78845736036427,1,7,7.06276306693464,-0.593352525607471
4,"BELTRAMI",-0.916290731874155,1,7,7.06276306693464,-0.593352525607471
4,"BELTRAMI",1.52605630349505,1,7,7.06276306693464,-0.593352525607471
4,"BELTRAMI",1.48160454092422,1,7,7.06276306693464,-0.593352525607471
5,"BENTON",1.88706964903238,0,4,3.75348576494143,-0.142890481153028
5,"BENTON",0.993251773010283,0,4,3.75348576494143,-0.142890481153028
5,"BENTON",1.06471073699243,1,4,3.75348576494143,-0.142890481153028
5,"BENTON",1.06471073699243,0,4,3.75348576494143,-0.142890481153028
6,"BIGSTONE",1.97408102602201,0,3,3.01684827928861,0.387056708424809
6,"BIGSTONE",1.6094379124341,0,3,3.01684827928861,0.387056708424809
6,"BIGSTONE",0.955511445027436,0,3,3.01684827928861,0.387056708424809
7,"BLUEEARTH",1.6094379124341,0,14,14.4457106653002,0.271613664272716
7,"BLUEEARTH",2.56494935746154,0,14,14.4457106653002,0.271613664272716
7,"BLUEEARTH",1.97408102602201,0,14,14.4457106653002,0.271613664272716
7,"BLUEEARTH",1.91692261218206,0,14,14.4457106653002,0.271613664272716
7,"BLUEEARTH",2.54944517092557,0,14,14.4457106653002,0.271613664272716
7,"BLUEEARTH",1.75785791755237,1,14,14.4457106653002,0.271613664272716
7,"BLUEEARTH",2.2512917986065,0,14,14.4457106653002,0.271613664272716
7,"BLUEEARTH",1.79175946922805,0,14,14.4457106653002,0.271613664272716
7,"BLUEEARTH",1.33500106673234,0,14,14.4457106653002,0.271613664272716
7,"BLUEEARTH",2.66025953726586,1,14,14.4457106653002,0.271613664272716
7,"BLUEEARTH",0.587786664902119,0,14,14.4457106653002,0.271613664272716
7,"BLUEEARTH",1.93152141160321,0,14,14.4457106653002,0.271613664272716
7,"BLUEEARTH",1.54756250871601,0,14,14.4457106653002,0.271613664272716
7,"BLUEEARTH",2.2512917986065,0,14,14.4457106653002,0.271613664272716
8,"BROWN",0.916290731874155,1,4,3.6233430104185,0.277578704889093
8,"BROWN",1.90210752639692,0,4,3.6233430104185,0.277578704889093
8,"BROWN",1.38629436111989,1,4,3.6233430104185,0.277578704889093
8,"BROWN",2.31253542384721,0,4,3.6233430104185,0.277578704889093
9,"CARLTON",0.78845736036427,0,10,9.4884380738348,-0.332315487884133
9,"CARLTON",0.587786664902119,0,10,9.4884380738348,-0.332315487884133
9,"CARLTON",1.22377543162212,0,10,9.4884380738348,-0.332315487884133
9,"CARLTON",1.7227665977411,1,10,9.4884380738348,-0.332315487884133
9,"CARLTON",1.45861502269952,0,10,9.4884380738348,-0.332315487884133
9,"CARLTON",1.3609765531356,0,10,9.4884380738348,-0.332315487884133
9,"CARLTON",0.262364264467491,0,10,9.4884380738348,-0.332315487884133
9,"CARLTON",1.43508452528932,0,10,9.4884380738348,-0.332315487884133
9,"CARLTON",-0.22314355131421,0,10,9.4884380738348,-0.332315487884133
9,"CARLTON",0.693147180559945,0,10,9.4884380738348,-0.332315487884133
10,"CARVER",0.470003629245736,0,6,5.91558741207646,0.0958645715553609
10,"CARVER",2.55722731136763,0,6,5.91558741207646,0.0958645715553609
10,"CARVER",2.68784749378469,1,6,5.91558741207646,0.0958645715553609
10,"CARVER",1.54756250871601,1,6,5.91558741207646,0.0958645715553609
10,"CARVER",2.26176309847379,0,6,5.91558741207646,0.0958645715553609
10,"CARVER",-2.30258509299405,1,6,5.91558741207646,0.0958645715553609
11,"CASS",1.30833281965018,0,5,4.84914617597932,-0.608219806930943
11,"CASS",2.00148000021012,0,5,4.84914617597932,-0.608219806930943
11,"CASS",0.641853886172395,0,5,4.84914617597932,-0.608219806930943
11,"CASS",1.66770682055808,0,5,4.84914617597932,-0.608219806930943
11,"CASS",1.38629436111989,0,5,4.84914617597932,-0.608219806930943
12,"CHIPPEWA",2.04122032885964,0,4,4.15960734939428,0.273684562807927
12,"CHIPPEWA",0.336472236621213,0,4,4.15960734939428,0.273684562807927
12,"CHIPPEWA",2.30258509299405,0,4,4.15960734939428,0.273684562807927
12,"CHIPPEWA",2.24070968927596,0,4,4.15960734939428,0.273684562807927
13,"CHISAGO",-0.22314355131421,0,6,5.44875740048354,-0.735320087151157
13,"CHISAGO",1.48160454092422,0,6,5.44875740048354,-0.735320087151157
13,"CHISAGO",1.6094379124341,0,6,5.44875740048354,-0.735320087151157
13,"CHISAGO",0.741937344729377,0,6,5.44875740048354,-0.735320087151157
13,"CHISAGO",0.53062825106217,0,6,5.44875740048354,-0.735320087151157
13,"CHISAGO",2.09186406167839,0,6,5.44875740048354,-0.735320087151157
14,"CLAY",-0.105360515657826,1,14,14.4943525411677,0.343781175420031
14,"CLAY",2.55722731136763,0,14,14.4943525411677,0.343781175420031
14,"CLAY",0.955511445027436,0,14,14.4943525411677,0.343781175420031
14,"CLAY",1.25276296849537,1,14,14.4943525411677,0.343781175420031
14,"CLAY",3.28091121578765,0,14,14.4943525411677,0.343781175420031
14,"CLAY",0.405465108108164,0,14,14.4943525411677,0.343781175420031
14,"CLAY",2.56494935746154,0,14,14.4943525411677,0.343781175420031
14,"CLAY",2.17475172148416,0,14,14.4943525411677,0.343781175420031
14,"CLAY",2.9704144655697,0,14,14.4943525411677,0.343781175420031
14,"CLAY",0.916290731874155,1,14,14.4943525411677,0.343781175420031
14,"CLAY",2.19722457733622,0,14,14.4943525411677,0.343781175420031
14,"CLAY",2.57261223020711,0,14,14.4943525411677,0.343781175420031
14,"CLAY",1.28093384546206,0,14,14.4943525411677,0.343781175420031
14,"CLAY",1.93152141160321,1,14,14.4943525411677,0.343781175420031
15,"CLEARWATER",1.56861591791385,1,4,4.07286343498723,-0.0598604138977053
15,"CLEARWATER",1.22377543162212,0,4,4.07286343498723,-0.0598604138977053
15,"CLEARWATER",-0.105360515657826,1,4,4.07286343498723,-0.0598604138977053
15,"CLEARWATER",1.22377543162212,0,4,4.07286343498723,-0.0598604138977053
16,"COOK",0.993251773010283,0,2,2.01703174118176,-0.504995982525783
16,"COOK",0.336472236621213,0,2,2.01703174118176,-0.504995982525783
17,"COTTONWOOD",1.91692261218206,0,4,4.37267581766871,0.339560320720446
17,"COTTONWOOD",2.40694510831829,1,4,4.37267581766871,0.339560320720446
17,"COTTONWOOD",-2.30258509299405,1,4,4.37267581766871,0.339560320720446
17,"COTTONWOOD",0.916290731874155,1,4,4.37267581766871,0.339560320720446
18,"CROWWING",0.587786664902119,0,12,12.100520070361,-0.633390700175141
18,"CROWWING",0.470003629245736,0,12,12.100520070361,-0.633390700175141
18,"CROWWING",0,1,12,12.100520070361,-0.633390700175141
18,"CROWWING",-0.105360515657826,0,12,12.100520070361,-0.633390700175141
18,"CROWWING",1.06471073699243,0,12,12.100520070361,-0.633390700175141
18,"CROWWING",1.48160454092422,0,12,12.100520070361,-0.633390700175141
18,"CROWWING",0.405465108108164,0,12,12.100520070361,-0.633390700175141
18,"CROWWING",1.41098697371026,0,12,12.100520070361,-0.633390700175141
18,"CROWWING",0.916290731874155,1,12,12.100520070361,-0.633390700175141
18,"CROWWING",1.90210752639692,1,12,12.100520070361,-0.633390700175141
18,"CROWWING",1.45861502269952,0,12,12.100520070361,-0.633390700175141
18,"CROWWING",1.70474809223843,0,12,12.100520070361,-0.633390700175141
19,"DAKOTA",1.28093384546206,0,63,63.5089134254737,-0.0241451624685385
19,"DAKOTA",1.02961941718116,0,63,63.5089134254737,-0.0241451624685385
19,"DAKOTA",2.68102152871429,0,63,63.5089134254737,-0.0241451624685385
19,"DAKOTA",1.90210752639692,0,63,63.5089134254737,-0.0241451624685385
19,"DAKOTA",2.07944154167984,0,63,63.5089134254737,-0.0241451624685385
19,"DAKOTA",0.955511445027436,0,63,63.5089134254737,-0.0241451624685385
19,"DAKOTA",1.02961941718116,1,63,63.5089134254737,-0.0241451624685385
19,"DAKOTA",1.48160454092422,0,63,63.5089134254737,-0.0241451624685385
19,"DAKOTA",0.53062825106217,1,63,63.5089134254737,-0.0241451624685385
19,"DAKOTA",0.693147180559945,0,63,63.5089134254737,-0.0241451624685385
19,"DAKOTA",0.693147180559945,0,63,63.5089134254737,-0.0241451624685385
19,"DAKOTA",0.405465108108164,0,63,63.5089134254737,-0.0241451624685385
19,"DAKOTA",2.26176309847379,0,63,63.5089134254737,-0.0241451624685385
19,"DAKOTA",2.09186406167839,0,63,63.5089134254737,-0.0241451624685385
19,"DAKOTA",1.25276296849537,0,63,63.5089134254737,-0.0241451624685385
19,"DAKOTA",-0.22314355131421,1,63,63.5089134254737,-0.0241451624685385
19,"DAKOTA",1.62924053973028,0,63,63.5089134254737,-0.0241451624685385
19,"DAKOTA",1.16315080980568,0,63,63.5089134254737,-0.0241451624685385
19,"DAKOTA",2.37954613413017,0,63,63.5089134254737,-0.0241451624685385
19,"DAKOTA",2.10413415427021,0,63,63.5089134254737,-0.0241451624685385
19,"DAKOTA",1.84054963339749,0,63,63.5089134254737,-0.0241451624685385
19,"DAKOTA",1.56861591791385,0,63,63.5089134254737,-0.0241451624685385
19,"DAKOTA",1.79175946922805,0,63,63.5089134254737,-0.0241451624685385
19,"DAKOTA",0.0953101798043249,0,63,63.5089134254737,-0.0241451624685385
19,"DAKOTA",2.16332302566054,0,63,63.5089134254737,-0.0241451624685385
19,"DAKOTA",2.17475172148416,0,63,63.5089134254737,-0.0241451624685385
19,"DAKOTA",1.91692261218206,0,63,63.5089134254737,-0.0241451624685385
19,"DAKOTA",0.832909122935104,0,63,63.5089134254737,-0.0241451624685385
19,"DAKOTA",0.470003629245736,0,63,63.5089134254737,-0.0241451624685385
19,"DAKOTA",1.02961941718116,0,63,63.5089134254737,-0.0241451624685385
19,"DAKOTA",1.87180217690159,0,63,63.5089134254737,-0.0241451624685385
19,"DAKOTA",0.53062825106217,0,63,63.5089134254737,-0.0241451624685385
19,"DAKOTA",1.52605630349505,0,63,63.5089134254737,-0.0241451624685385
19,"DAKOTA",1.19392246847243,0,63,63.5089134254737,-0.0241451624685385
19,"DAKOTA",1.48160454092422,0,63,63.5089134254737,-0.0241451624685385
19,"DAKOTA",3.05400118167797,0,63,63.5089134254737,-0.0241451624685385
19,"DAKOTA",2.2082744135228,0,63,63.5089134254737,-0.0241451624685385
19,"DAKOTA",-0.105360515657826,0,63,63.5089134254737,-0.0241451624685385
19,"DAKOTA",1.58923520511658,0,63,63.5089134254737,-0.0241451624685385
19,"DAKOTA",1.6094379124341,0,63,63.5089134254737,-0.0241451624685385
19,"DAKOTA",0.0953101798043249,0,63,63.5089134254737,-0.0241451624685385
19,"DAKOTA",2.02814824729229,0,63,63.5089134254737,-0.0241451624685385
19,"DAKOTA",1.68639895357023,0,63,63.5089134254737,-0.0241451624685385
19,"DAKOTA",1.28093384546206,0,63,63.5089134254737,-0.0241451624685385
19,"DAKOTA",1.58923520511658,0,63,63.5089134254737,-0.0241451624685385
19,"DAKOTA",1.54756250871601,0,63,63.5089134254737,-0.0241451624685385
19,"DAKOTA",0.336472236621213,0,63,63.5089134254737,-0.0241451624685385
19,"DAKOTA",1.22377543162212,0,63,63.5089134254737,-0.0241451624685385
19,"DAKOTA",1.43508452528932,0,63,63.5089134254737,-0.0241451624685385
19,"DAKOTA",0.916290731874155,0,63,63.5089134254737,-0.0241451624685385
19,"DAKOTA",0.336472236621213,0,63,63.5089134254737,-0.0241451624685385
19,"DAKOTA",0.336472236621213,0,63,63.5089134254737,-0.0241451624685385
19,"DAKOTA",0.641853886172395,0,63,63.5089134254737,-0.0241451624685385
19,"DAKOTA",1.56861591791385,0,63,63.5089134254737,-0.0241451624685385
19,"DAKOTA",0.336472236621213,1,63,63.5089134254737,-0.0241451624685385
19,"DAKOTA",1.33500106673234,0,63,63.5089134254737,-0.0241451624685385
19,"DAKOTA",2.17475172148416,0,63,63.5089134254737,-0.0241451624685385
19,"DAKOTA",1.45861502269952,0,63,63.5089134254737,-0.0241451624685385
19,"DAKOTA",1.48160454092422,0,63,63.5089134254737,-0.0241451624685385
19,"DAKOTA",1.50407739677627,0,63,63.5089134254737,-0.0241451624685385
19,"DAKOTA",0.78845736036427,0,63,63.5089134254737,-0.0241451624685385
19,"DAKOTA",-0.693147180559945,0,63,63.5089134254737,-0.0241451624685385
19,"DAKOTA",1.75785791755237,0,63,63.5089134254737,-0.0241451624685385
20,"DODGE",1.68639895357023,0,3,3.10380091061663,0.263855459775217
20,"DODGE",1.97408102602201,0,3,3.10380091061663,0.263855459775217
20,"DODGE",1.7404661748405,0,3,3.10380091061663,0.263855459775217
21,"DOUGLAS",2.00148000021012,0,9,8.88290533889924,0.155712316979839
21,"DOUGLAS",1.56861591791385,0,9,8.88290533889924,0.155712316979839
21,"DOUGLAS",1.91692261218206,0,9,8.88290533889924,0.155712316979839
21,"DOUGLAS",1.85629799036563,0,9,8.88290533889924,0.155712316979839
21,"DOUGLAS",1.30833281965018,1,9,8.88290533889924,0.155712316979839
21,"DOUGLAS",1.70474809223843,0,9,8.88290533889924,0.155712316979839
21,"DOUGLAS",2.05412373369555,0,9,8.88290533889924,0.155712316979839
21,"DOUGLAS",1.48160454092422,0,9,8.88290533889924,0.155712316979839
21,"DOUGLAS",0.993251773010283,0,9,8.88290533889924,0.155712316979839
22,"FARIBAULT",1.22377543162212,0,6,6.57384913486768,0.295025046707039
22,"FARIBAULT",1.43508452528932,0,6,6.57384913486768,0.295025046707039
22,"FARIBAULT",0.832909122935104,0,6,6.57384913486768,0.295025046707039
22,"FARIBAULT",0.262364264467491,1,6,6.57384913486768,0.295025046707039
22,"FARIBAULT",1.64865862558738,0,6,6.57384913486768,0.295025046707039
22,"FARIBAULT",-2.30258509299405,0,6,6.57384913486768,0.295025046707039
23,"FILLMORE",0.916290731874155,1,2,2.11872527311885,0.414913662927776
23,"FILLMORE",1.16315080980568,0,2,2.11872527311885,0.414913662927776
24,"FREEBORN",1.16315080980568,0,9,9.42473405607324,0.224206985667406
24,"FREEBORN",2.26176309847379,0,9,9.42473405607324,0.224206985667406
24,"FREEBORN",1.43508452528932,0,9,9.42473405607324,0.224206985667406
24,"FREEBORN",2.19722457733622,0,9,9.42473405607324,0.224206985667406
24,"FREEBORN",1.84054963339749,0,9,9.42473405607324,0.224206985667406
24,"FREEBORN",3.48431228837266,0,9,9.42473405607324,0.224206985667406
24,"FREEBORN",2.58021682959233,0,9,9.42473405607324,0.224206985667406
24,"FREEBORN",0.78845736036427,1,9,9.42473405607324,0.224206985667406
24,"FREEBORN",1.7227665977411,1,9,9.42473405607324,0.224206985667406
25,"GOODHUE",2.66025953726586,0,14,14.1350221619461,0.196610646424232
25,"GOODHUE",1.93152141160321,1,14,14.1350221619461,0.196610646424232
25,"GOODHUE",2.02814824729229,0,14,14.1350221619461,0.196610646424232
25,"GOODHUE",2.28238238567653,1,14,14.1350221619461,0.196610646424232
25,"GOODHUE",0.955511445027436,0,14,14.1350221619461,0.196610646424232
25,"GOODHUE",3.77276093809464,0,14,14.1350221619461,0.196610646424232
25,"GOODHUE",1.58923520511658,0,14,14.1350221619461,0.196610646424232
25,"GOODHUE",1.58923520511658,0,14,14.1350221619461,0.196610646424232
25,"GOODHUE",1.25276296849537,0,14,14.1350221619461,0.196610646424232
25,"GOODHUE",1.56861591791385,0,14,14.1350221619461,0.196610646424232
25,"GOODHUE",1.7227665977411,0,14,14.1350221619461,0.196610646424232
25,"GOODHUE",1.25276296849537,0,14,14.1350221619461,0.196610646424232
25,"GOODHUE",1.3609765531356,0,14,14.1350221619461,0.196610646424232
25,"GOODHUE",1.90210752639692,0,14,14.1350221619461,0.196610646424232
26,"HENNEPIN",2.06686275947298,0,105,99.4111276267931,-0.09652081232424
26,"HENNEPIN",1.19392246847243,0,105,99.4111276267931,-0.09652081232424
26,"HENNEPIN",0.741937344729377,1,105,99.4111276267931,-0.09652081232424
26,"HENNEPIN",0.470003629245736,0,105,99.4111276267931,-0.09652081232424
26,"HENNEPIN",1.38629436111989,0,105,99.4111276267931,-0.09652081232424
26,"HENNEPIN",0.587786664902119,0,105,99.4111276267931,-0.09652081232424
26,"HENNEPIN",0.916290731874155,0,105,99.4111276267931,-0.09652081232424
26,"HENNEPIN",2.41591377830105,0,105,99.4111276267931,-0.09652081232424
26,"HENNEPIN",0.955511445027436,0,105,99.4111276267931,-0.09652081232424
26,"HENNEPIN",1.3609765531356,0,105,99.4111276267931,-0.09652081232424
26,"HENNEPIN",2.00148000021012,0,105,99.4111276267931,-0.09652081232424
26,"HENNEPIN",0.262364264467491,0,105,99.4111276267931,-0.09652081232424
26,"HENNEPIN",-0.105360515657826,0,105,99.4111276267931,-0.09652081232424
26,"HENNEPIN",-0.916290731874155,0,105,99.4111276267931,-0.09652081232424
26,"HENNEPIN",0.916290731874155,1,105,99.4111276267931,-0.09652081232424
26,"HENNEPIN",1.79175946922805,0,105,99.4111276267931,-0.09652081232424
26,"HENNEPIN",0.693147180559945,0,105,99.4111276267931,-0.09652081232424
26,"HENNEPIN",1.68639895357023,0,105,99.4111276267931,-0.09652081232424
26,"HENNEPIN",1.09861228866811,0,105,99.4111276267931,-0.09652081232424
26,"HENNEPIN",1.06471073699243,0,105,99.4111276267931,-0.09652081232424
26,"HENNEPIN",1.70474809223843,0,105,99.4111276267931,-0.09652081232424
26,"HENNEPIN",1.41098697371026,0,105,99.4111276267931,-0.09652081232424
26,"HENNEPIN",1.3609765531356,0,105,99.4111276267931,-0.09652081232424
26,"HENNEPIN",2.70136121295141,0,105,99.4111276267931,-0.09652081232424
26,"HENNEPIN",1.97408102602201,0,105,99.4111276267931,-0.09652081232424
26,"HENNEPIN",0.832909122935104,0,105,99.4111276267931,-0.09652081232424
26,"HENNEPIN",1.02961941718116,1,105,99.4111276267931,-0.09652081232424
26,"HENNEPIN",1.48160454092422,0,105,99.4111276267931,-0.09652081232424
26,"HENNEPIN",0.405465108108164,0,105,99.4111276267931,-0.09652081232424
26,"HENNEPIN",2.15176220325946,0,105,99.4111276267931,-0.09652081232424
26,"HENNEPIN",1.7227665977411,0,105,99.4111276267931,-0.09652081232424
26,"HENNEPIN",2.15176220325946,0,105,99.4111276267931,-0.09652081232424
26,"HENNEPIN",1.33500106673234,0,105,99.4111276267931,-0.09652081232424
26,"HENNEPIN",0.587786664902119,0,105,99.4111276267931,-0.09652081232424
26,"HENNEPIN",0.641853886172395,0,105,99.4111276267931,-0.09652081232424
26,"HENNEPIN",1.70474809223843,0,105,99.4111276267931,-0.09652081232424
26,"HENNEPIN",0.916290731874155,0,105,99.4111276267931,-0.09652081232424
26,"HENNEPIN",-0.22314355131421,1,105,99.4111276267931,-0.09652081232424
26,"HENNEPIN",0.741937344729377,0,105,99.4111276267931,-0.09652081232424
26,"HENNEPIN",1.02961941718116,0,105,99.4111276267931,-0.09652081232424
26,"HENNEPIN",1.3609765531356,0,105,99.4111276267931,-0.09652081232424
26,"HENNEPIN",1.45861502269952,0,105,99.4111276267931,-0.09652081232424
26,"HENNEPIN",1.54756250871601,0,105,99.4111276267931,-0.09652081232424
26,"HENNEPIN",1.02961941718116,0,105,99.4111276267931,-0.09652081232424
26,"HENNEPIN",1.41098697371026,0,105,99.4111276267931,-0.09652081232424
26,"HENNEPIN",0.470003629245736,0,105,99.4111276267931,-0.09652081232424
26,"HENNEPIN",1.45861502269952,0,105,99.4111276267931,-0.09652081232424
26,"HENNEPIN",-0.356674943938732,1,105,99.4111276267931,-0.09652081232424
26,"HENNEPIN",1.70474809223843,0,105,99.4111276267931,-0.09652081232424
26,"HENNEPIN",1.19392246847243,1,105,99.4111276267931,-0.09652081232424
26,"HENNEPIN",1.70474809223843,0,105,99.4111276267931,-0.09652081232424
26,"HENNEPIN",0.916290731874155,0,105,99.4111276267931,-0.09652081232424
26,"HENNEPIN",0.993251773010283,0,105,99.4111276267931,-0.09652081232424
26,"HENNEPIN",2.12823170584927,0,105,99.4111276267931,-0.09652081232424
26,"HENNEPIN",1.19392246847243,0,105,99.4111276267931,-0.09652081232424
26,"HENNEPIN",1.16315080980568,0,105,99.4111276267931,-0.09652081232424
26,"HENNEPIN",2.15176220325946,0,105,99.4111276267931,-0.09652081232424
26,"HENNEPIN",0.53062825106217,0,105,99.4111276267931,-0.09652081232424
26,"HENNEPIN",1.7404661748405,0,105,99.4111276267931,-0.09652081232424
26,"HENNEPIN",2.56494935746154,0,105,99.4111276267931,-0.09652081232424
26,"HENNEPIN",0.993251773010283,0,105,99.4111276267931,-0.09652081232424
26,"HENNEPIN",1.54756250871601,0,105,99.4111276267931,-0.09652081232424
26,"HENNEPIN",1.7227665977411,0,105,99.4111276267931,-0.09652081232424
26,"HENNEPIN",2.62466859216316,0,105,99.4111276267931,-0.09652081232424
26,"HENNEPIN",2.02814824729229,1,105,99.4111276267931,-0.09652081232424
26,"HENNEPIN",1.7404661748405,0,105,99.4111276267931,-0.09652081232424
26,"HENNEPIN",1.52605630349505,0,105,99.4111276267931,-0.09652081232424
26,"HENNEPIN",2.02814824729229,0,105,99.4111276267931,-0.09652081232424
26,"HENNEPIN",0.955511445027436,0,105,99.4111276267931,-0.09652081232424
26,"HENNEPIN",1.50407739677627,0,105,99.4111276267931,-0.09652081232424
26,"HENNEPIN",1.77495235091167,0,105,99.4111276267931,-0.09652081232424
26,"HENNEPIN",0.78845736036427,0,105,99.4111276267931,-0.09652081232424
26,"HENNEPIN",0.8754687373539,0,105,99.4111276267931,-0.09652081232424
26,"HENNEPIN",1.38629436111989,0,105,99.4111276267931,-0.09652081232424
26,"HENNEPIN",1.52605630349505,0,105,99.4111276267931,-0.09652081232424
26,"HENNEPIN",1.52605630349505,0,105,99.4111276267931,-0.09652081232424
26,"HENNEPIN",2.3887627892351,0,105,99.4111276267931,-0.09652081232424
26,"HENNEPIN",2.02814824729229,0,105,99.4111276267931,-0.09652081232424
26,"HENNEPIN",1.09861228866811,0,105,99.4111276267931,-0.09652081232424
26,"HENNEPIN",0.405465108108164,0,105,99.4111276267931,-0.09652081232424
26,"HENNEPIN",0.470003629245736,1,105,99.4111276267931,-0.09652081232424
26,"HENNEPIN",2.80336038090653,0,105,99.4111276267931,-0.09652081232424
26,"HENNEPIN",1.1314021114911,0,105,99.4111276267931,-0.09652081232424
26,"HENNEPIN",1.62924053973028,0,105,99.4111276267931,-0.09652081232424
26,"HENNEPIN",1.58923520511658,0,105,99.4111276267931,-0.09652081232424
26,"HENNEPIN",1.79175946922805,0,105,99.4111276267931,-0.09652081232424
26,"HENNEPIN",-0.105360515657826,1,105,99.4111276267931,-0.09652081232424
26,"HENNEPIN",0.587786664902119,0,105,99.4111276267931,-0.09652081232424
26,"HENNEPIN",1.3609765531356,0,105,99.4111276267931,-0.09652081232424
26,"HENNEPIN",1.7227665977411,0,105,99.4111276267931,-0.09652081232424
26,"HENNEPIN",-0.916290731874155,1,105,99.4111276267931,-0.09652081232424
26,"HENNEPIN",0.955511445027436,0,105,99.4111276267931,-0.09652081232424
26,"HENNEPIN",1.28093384546206,0,105,99.4111276267931,-0.09652081232424
26,"HENNEPIN",1.82454929205105,0,105,99.4111276267931,-0.09652081232424
26,"HENNEPIN",3.16124671203156,0,105,99.4111276267931,-0.09652081232424
26,"HENNEPIN",1.3609765531356,0,105,99.4111276267931,-0.09652081232424
26,"HENNEPIN",1.06471073699243,0,105,99.4111276267931,-0.09652081232424
26,"HENNEPIN",1.09861228866811,0,105,99.4111276267931,-0.09652081232424
26,"HENNEPIN",1.54756250871601,0,105,99.4111276267931,-0.09652081232424
26,"HENNEPIN",1.09861228866811,0,105,99.4111276267931,-0.09652081232424
26,"HENNEPIN",1.43508452528932,0,105,99.4111276267931,-0.09652081232424
26,"HENNEPIN",1.33500106673234,0,105,99.4111276267931,-0.09652081232424
26,"HENNEPIN",1.09861228866811,0,105,99.4111276267931,-0.09652081232424
26,"HENNEPIN",1.45861502269952,0,105,99.4111276267931,-0.09652081232424
26,"HENNEPIN",1.06471073699243,1,105,99.4111276267931,-0.09652081232424
27,"HOUSTON",1.22377543162212,0,6,5.50314170407039,0.503529068533353
27,"HOUSTON",2.14006616349627,0,6,5.50314170407039,0.503529068533353
27,"HOUSTON",2.19722457733622,0,6,5.50314170407039,0.503529068533353
27,"HOUSTON",1.56861591791385,1,6,5.50314170407039,0.503529068533353
27,"HOUSTON",1.28093384546206,0,6,5.50314170407039,0.503529068533353
27,"HOUSTON",0.78845736036427,1,6,5.50314170407039,0.503529068533353
28,"HUBBARD",1.02961941718116,1,5,4.78934365673408,-0.400596976711304
28,"HUBBARD",-0.22314355131421,1,5,4.78934365673408,-0.400596976711304
28,"HUBBARD",0.405465108108164,0,5,4.78934365673408,-0.400596976711304
28,"HUBBARD",1.52605630349505,0,5,4.78934365673408,-0.400596976711304
28,"HUBBARD",1.30833281965018,1,5,4.78934365673408,-0.400596976711304
29,"ISANTI",1.28093384546206,0,3,2.84161310401594,-0.751872232701787
29,"ISANTI",1.09861228866811,0,3,2.84161310401594,-0.751872232701787
29,"ISANTI",0.78845736036427,0,3,2.84161310401594,-0.751872232701787
30,"ITASCA",0.641853886172395,0,11,10.1718845109883,-0.663347630601429
30,"ITASCA",0.955511445027436,0,11,10.1718845109883,-0.663347630601429
30,"ITASCA",0.587786664902119,0,11,10.1718845109883,-0.663347630601429
30,"ITASCA",0.8754687373539,0,11,10.1718845109883,-0.663347630601429
30,"ITASCA",1.45861502269952,0,11,10.1718845109883,-0.663347630601429
30,"ITASCA",0.955511445027436,0,11,10.1718845109883,-0.663347630601429
30,"ITASCA",0.0953101798043249,0,11,10.1718845109883,-0.663347630601429
30,"ITASCA",1.19392246847243,0,11,10.1718845109883,-0.663347630601429
30,"ITASCA",0.916290731874155,0,11,10.1718845109883,-0.663347630601429
30,"ITASCA",2.24070968927596,0,11,10.1718845109883,-0.663347630601429
30,"ITASCA",0.262364264467491,0,11,10.1718845109883,-0.663347630601429
31,"JACKSON",2.12823170584927,0,5,4.96984266535235,0.309020284839334
31,"JACKSON",1.6094379124341,0,5,4.96984266535235,0.309020284839334
31,"JACKSON",1.06471073699243,0,5,4.96984266535235,0.309020284839334
31,"JACKSON",2.57261223020711,0,5,4.96984266535235,0.309020284839334
31,"JACKSON",2.72785282839839,0,5,4.96984266535235,0.309020284839334
32,"KANABEC",0.587786664902119,0,4,4.00360129444748,-0.0533860089036706
32,"KANABEC",1.33500106673234,0,4,4.00360129444748,-0.0533860089036706
32,"KANABEC",2.06686275947298,0,4,4.00360129444748,-0.0533860089036706
32,"KANABEC",0.955511445027436,0,4,4.00360129444748,-0.0533860089036706
33,"KANDIYOHI",2.42480272571829,0,4,3.7179715955237,0.10973294265158
33,"KANDIYOHI",1.41098697371026,0,4,3.7179715955237,0.10973294265158
33,"KANDIYOHI",2.50959926237837,0,4,3.7179715955237,0.10973294265158
33,"KANDIYOHI",1.90210752639692,0,4,3.7179715955237,0.10973294265158
34,"KITTSON",1.93152141160321,0,3,2.77810108410378,-0.00780336722984165
34,"KITTSON",1.50407739677627,1,3,2.77810108410378,-0.00780336722984165
34,"KITTSON",-0.105360515657826,1,3,2.77810108410378,-0.00780336722984165
35,"KOOCHICHING",0.53062825106217,0,7,6.7378709367658,-0.881828920506582
35,"KOOCHICHING",0.336472236621213,0,7,6.7378709367658,-0.881828920506582
35,"KOOCHICHING",0.693147180559945,1,7,6.7378709367658,-0.881828920506582
35,"KOOCHICHING",0,1,7,6.7378709367658,-0.881828920506582
35,"KOOCHICHING",0,0,7,6.7378709367658,-0.881828920506582
35,"KOOCHICHING",1.02961941718116,1,7,6.7378709367658,-0.881828920506582
35,"KOOCHICHING",0.262364264467491,1,7,6.7378709367658,-0.881828920506582
36,"LACQUIPARLE",2.42480272571829,1,2,1.96324056027109,0.311029878756367
36,"LACQUIPARLE",2.77258872223978,0,2,1.96324056027109,0.311029878756367
37,"LAKE",0.262364264467491,1,9,8.8374363015813,-0.691596383667291
37,"LAKE",0.262364264467491,0,9,8.8374363015813,-0.691596383667291
37,"LAKE",0.470003629245736,0,9,8.8374363015813,-0.691596383667291
37,"LAKE",-0.105360515657826,0,9,8.8374363015813,-0.691596383667291
37,"LAKE",1.02961941718116,0,9,8.8374363015813,-0.691596383667291
37,"LAKE",-0.693147180559945,0,9,8.8374363015813,-0.691596383667291
37,"LAKE",0.405465108108164,0,9,8.8374363015813,-0.691596383667291
37,"LAKE",1.96009478404727,0,9,8.8374363015813,-0.691596383667291
37,"LAKE",-0.693147180559945,0,9,8.8374363015813,-0.691596383667291
38,"LAKEOFTHEWOODS",2.31253542384721,0,4,3.88012454273441,-0.681708848419116
38,"LAKEOFTHEWOODS",1.45861502269952,1,4,3.88012454273441,-0.681708848419116
38,"LAKEOFTHEWOODS",1.19392246847243,0,4,3.88012454273441,-0.681708848419116
38,"LAKEOFTHEWOODS",1.06471073699243,1,4,3.88012454273441,-0.681708848419116
39,"LESUEUR",2.52572864430826,0,5,4.87421526947362,0.194447736591795
39,"LESUEUR",1.43508452528932,1,5,4.87421526947362,0.194447736591795
39,"LESUEUR",1.50407739677627,0,5,4.87421526947362,0.194447736591795
39,"LESUEUR",1.3609765531356,0,5,4.87421526947362,0.194447736591795
39,"LESUEUR",1.19392246847243,0,5,4.87421526947362,0.194447736591795
40,"LINCOLN",2.86220088092947,0,4,4.03911149111902,0.444903746232023
40,"LINCOLN",2.36085400111802,0,4,4.03911149111902,0.444903746232023
40,"LINCOLN",2.06686275947298,0,4,4.03911149111902,0.444903746232023
40,"LINCOLN",1.25276296849537,1,4,4.03911149111902,0.444903746232023
41,"LYON",1.87180217690159,0,8,7.83448175347675,0.39473440617801
41,"LYON",1.93152141160321,1,8,7.83448175347675,0.39473440617801
41,"LYON",1.62924053973028,0,8,7.83448175347675,0.39473440617801
41,"LYON",2.484906649788,0,8,7.83448175347675,0.39473440617801
41,"LYON",1.62924053973028,0,8,7.83448175347675,0.39473440617801
41,"LYON",2.18605127673809,0,8,7.83448175347675,0.39473440617801
41,"LYON",1.75785791755237,0,8,7.83448175347675,0.39473440617801
41,"LYON",1.52605630349505,0,8,7.83448175347675,0.39473440617801
42,"MAHNOMEN",1.3609765531356,0,1,1.08912947761531,0.14960034272844
43,"MARSHALL",0.405465108108164,1,9,9.52662304268585,0.0137648285757133
43,"MARSHALL",3.16968558067743,0,9,9.52662304268585,0.0137648285757133
43,"MARSHALL",-0.105360515657826,1,9,9.52662304268585,0.0137648285757133
43,"MARSHALL",0.336472236621213,1,9,9.52662304268585,0.0137648285757133
43,"MARSHALL",0.0953101798043249,1,9,9.52662304268585,0.0137648285757133
43,"MARSHALL",1.02961941718116,0,9,9.52662304268585,0.0137648285757133
43,"MARSHALL",3.87535902105655,0,9,9.52662304268585,0.0137648285757133
43,"MARSHALL",-0.105360515657826,1,9,9.52662304268585,0.0137648285757133
43,"MARSHALL",2.11625551480255,0,9,9.52662304268585,0.0137648285757133
44,"MARTIN",1.41098697371026,0,7,7.44760218590887,0.16586183575527
44,"MARTIN",-0.693147180559945,1,7,7.44760218590887,0.16586183575527
44,"MARTIN",1.90210752639692,0,7,7.44760218590887,0.16586183575527
44,"MARTIN",2.01490302054226,0,7,7.44760218590887,0.16586183575527
44,"MARTIN",2.21920348405499,0,7,7.44760218590887,0.16586183575527
44,"MARTIN",-0.693147180559945,0,7,7.44760218590887,0.16586183575527
44,"MARTIN",0.405465108108164,0,7,7.44760218590887,0.16586183575527
45,"MCLEOD",2.33214389523559,0,13,11.8834011526938,0.140422593662249
45,"MCLEOD",1.3609765531356,0,13,11.8834011526938,0.140422593662249
45,"MCLEOD",0.587786664902119,0,13,11.8834011526938,0.140422593662249
45,"MCLEOD",2.29253475714054,0,13,11.8834011526938,0.140422593662249
45,"MCLEOD",0.832909122935104,0,13,11.8834011526938,0.140422593662249
45,"MCLEOD",1.48160454092422,0,13,11.8834011526938,0.140422593662249
45,"MCLEOD",1.02961941718116,0,13,11.8834011526938,0.140422593662249
45,"MCLEOD",0.0953101798043249,1,13,11.8834011526938,0.140422593662249
45,"MCLEOD",0.182321556793955,0,13,11.8834011526938,0.140422593662249
45,"MCLEOD",0.470003629245736,1,13,11.8834011526938,0.140422593662249
45,"MCLEOD",3.23474917402449,1,13,11.8834011526938,0.140422593662249
45,"MCLEOD",-2.30258509299405,1,13,11.8834011526938,0.140422593662249
45,"MCLEOD",2.36085400111802,0,13,11.8834011526938,0.140422593662249
46,"MEEKER",0.832909122935104,0,5,5.15389757874768,0.0239508741557865
46,"MEEKER",1.3609765531356,0,5,5.15389757874768,0.0239508741557865
46,"MEEKER",1.97408102602201,0,5,5.15389757874768,0.0239508741557865
46,"MEEKER",0.741937344729377,0,5,5.15389757874768,0.0239508741557865
46,"MEEKER",1.16315080980568,0,5,5.15389757874768,0.0239508741557865
47,"MILLELACS",-0.693147180559945,1,2,1.90362134716334,-0.210059521766286
47,"MILLELACS",1.7404661748405,0,2,1.90362134716334,-0.210059521766286
48,"MORRISON",0.336472236621213,0,9,9.32193729792722,-0.0932266518569275
48,"MORRISON",0.741937344729377,0,9,9.32193729792722,-0.0932266518569275
48,"MORRISON",1.48160454092422,0,9,9.32193729792722,-0.0932266518569275
48,"MORRISON",0.8754687373539,0,9,9.32193729792722,-0.0932266518569275
48,"MORRISON",1.58923520511658,0,9,9.32193729792722,-0.0932266518569275
48,"MORRISON",1.09861228866811,1,9,9.32193729792722,-0.0932266518569275
48,"MORRISON",1.09861228866811,0,9,9.32193729792722,-0.0932266518569275
48,"MORRISON",1.02961941718116,0,9,9.32193729792722,-0.0932266518569275
48,"MORRISON",1.3609765531356,0,9,9.32193729792722,-0.0932266518569275
49,"MOWER",2.3887627892351,0,13,12.6360507960152,0.260932470709068
49,"MOWER",1.85629799036563,0,13,12.6360507960152,0.260932470709068
49,"MOWER",0.693147180559945,0,13,12.6360507960152,0.260932470709068
49,"MOWER",1.09861228866811,0,13,12.6360507960152,0.260932470709068
49,"MOWER",1.50407739677627,0,13,12.6360507960152,0.260932470709068
49,"MOWER",0.741937344729377,0,13,12.6360507960152,0.260932470709068
49,"MOWER",2.07944154167984,0,13,12.6360507960152,0.260932470709068
49,"MOWER",0.262364264467491,1,13,12.6360507960152,0.260932470709068
49,"MOWER",2.21920348405499,0,13,12.6360507960152,0.260932470709068
49,"MOWER",0.0953101798043249,1,13,12.6360507960152,0.260932470709068
49,"MOWER",2.36085400111802,0,13,12.6360507960152,0.260932470709068
49,"MOWER",3.17805383034795,0,13,12.6360507960152,0.260932470709068
49,"MOWER",2.2082744135228,0,13,12.6360507960152,0.260932470709068
50,"MURRAY",2.4932054526027,0,1,0.91768621610301,0.398849942735755
51,"NICOLLET",2.09186406167839,0,4,4.37074666547039,0.248046873411091
51,"NICOLLET",2.37954613413017,0,4,4.37074666547039,0.248046873411091
51,"NICOLLET",1.43508452528932,0,4,4.37074666547039,0.248046873411091
51,"NICOLLET",2.75366071235426,0,4,4.37074666547039,0.248046873411091
52,"NOBLES",1.68639895357023,0,3,3.20545935075049,0.405451774685941
52,"NOBLES",1.82454929205105,0,3,3.20545935075049,0.405451774685941
52,"NOBLES",2.27212588550934,0,3,3.20545935075049,0.405451774685941
53,"NORMAN",2.09186406167839,0,3,2.86348587516063,0.265221716521598
53,"NORMAN",0.470003629245736,0,3,2.86348587516063,0.265221716521598
53,"NORMAN",0.470003629245736,1,3,2.86348587516063,0.265221716521598
54,"OLMSTED",1.85629799036563,0,23,21.81710515005,0.24315007938984
54,"OLMSTED",1.48160454092422,0,23,21.81710515005,0.24315007938984
54,"OLMSTED",2.41591377830105,0,23,21.81710515005,0.24315007938984
54,"OLMSTED",2.30258509299405,0,23,21.81710515005,0.24315007938984
54,"OLMSTED",1.50407739677627,0,23,21.81710515005,0.24315007938984
54,"OLMSTED",2.07944154167984,0,23,21.81710515005,0.24315007938984
54,"OLMSTED",0.832909122935104,0,23,21.81710515005,0.24315007938984
54,"OLMSTED",1.16315080980568,0,23,21.81710515005,0.24315007938984
54,"OLMSTED",1.6094379124341,0,23,21.81710515005,0.24315007938984
54,"OLMSTED",1.41098697371026,0,23,21.81710515005,0.24315007938984
54,"OLMSTED",0.0953101798043249,0,23,21.81710515005,0.24315007938984
54,"OLMSTED",0.693147180559945,0,23,21.81710515005,0.24315007938984
54,"OLMSTED",0.0953101798043249,1,23,21.81710515005,0.24315007938984
54,"OLMSTED",1.06471073699243,0,23,21.81710515005,0.24315007938984
54,"OLMSTED",0.741937344729377,0,23,21.81710515005,0.24315007938984
54,"OLMSTED",2.05412373369555,0,23,21.81710515005,0.24315007938984
54,"OLMSTED",1.33500106673234,0,23,21.81710515005,0.24315007938984
54,"OLMSTED",0.916290731874155,0,23,21.81710515005,0.24315007938984
54,"OLMSTED",1.06471073699243,0,23,21.81710515005,0.24315007938984
54,"OLMSTED",0.53062825106217,1,23,21.81710515005,0.24315007938984
54,"OLMSTED",0.916290731874155,0,23,21.81710515005,0.24315007938984
54,"OLMSTED",2.24070968927596,0,23,21.81710515005,0.24315007938984
54,"OLMSTED",-0.510825623765991,1,23,21.81710515005,0.24315007938984
55,"OTTERTAIL",0.993251773010283,0,8,8.17023890103681,-0.20473036924229
55,"OTTERTAIL",0.0953101798043249,1,8,8.17023890103681,-0.20473036924229
55,"OTTERTAIL",0.741937344729377,1,8,8.17023890103681,-0.20473036924229
55,"OTTERTAIL",2.484906649788,0,8,8.17023890103681,-0.20473036924229
55,"OTTERTAIL",2.53369681395743,1,8,8.17023890103681,-0.20473036924229
55,"OTTERTAIL",1.16315080980568,0,8,8.17023890103681,-0.20473036924229
55,"OTTERTAIL",1.43508452528932,0,8,8.17023890103681,-0.20473036924229
55,"OTTERTAIL",1.33500106673234,0,8,8.17023890103681,-0.20473036924229
56,"PENNINGTON",1.30833281965018,1,3,3.16662212366494,-0.0740276676859043
56,"PENNINGTON",1.75785791755237,0,3,3.16662212366494,-0.0740276676859043
56,"PENNINGTON",-1.20397280432594,1,3,3.16662212366494,-0.0740276676859043
57,"PINE",1.41098697371026,0,6,5.6894258677718,-0.163292169547294
57,"PINE",1.02961941718116,0,6,5.6894258677718,-0.163292169547294
57,"PINE",0.641853886172395,0,6,5.6894258677718,-0.163292169547294
57,"PINE",0.182321556793955,1,6,5.6894258677718,-0.163292169547294
57,"PINE",0.182321556793955,0,6,5.6894258677718,-0.163292169547294
57,"PINE",0.405465108108164,0,6,5.6894258677718,-0.163292169547294
58,"PIPESTONE",2.24070968927596,0,4,4.38925103985041,0.478604039464906
58,"PIPESTONE",0.53062825106217,0,4,4.38925103985041,0.478604039464906
58,"PIPESTONE",2.4932054526027,0,4,4.38925103985041,0.478604039464906
58,"PIPESTONE",1.45861502269952,1,4,4.38925103985041,0.478604039464906
59,"POLK",1.93152141160321,0,4,4.26570198752206,0.266111082523638
59,"POLK",0.336472236621213,1,4,4.26570198752206,0.266111082523638
59,"POLK",0.916290731874155,1,4,4.26570198752206,0.266111082523638
59,"POLK",2.26176309847379,0,4,4.26570198752206,0.266111082523638
60,"POPE",1.33500106673234,0,2,1.88423490234776,0.281148273600784
60,"POPE",1.22377543162212,0,2,1.88423490234776,0.281148273600784
61,"RAMSEY",1.91692261218206,0,32,32.8205912075999,-0.418053510614464
61,"RAMSEY",1.28093384546206,0,32,32.8205912075999,-0.418053510614464
61,"RAMSEY",0.78845736036427,0,32,32.8205912075999,-0.418053510614464
61,"RAMSEY",0.955511445027436,0,32,32.8205912075999,-0.418053510614464
61,"RAMSEY",0.741937344729377,0,32,32.8205912075999,-0.418053510614464
61,"RAMSEY",1.94591014905531,0,32,32.8205912075999,-0.418053510614464
61,"RAMSEY",0.182321556793955,0,32,32.8205912075999,-0.418053510614464
61,"RAMSEY",1.33500106673234,0,32,32.8205912075999,-0.418053510614464
61,"RAMSEY",1.25276296849537,0,32,32.8205912075999,-0.418053510614464
61,"RAMSEY",1.43508452528932,0,32,32.8205912075999,-0.418053510614464
61,"RAMSEY",0.470003629245736,1,32,32.8205912075999,-0.418053510614464
61,"RAMSEY",1.02961941718116,1,32,32.8205912075999,-0.418053510614464
61,"RAMSEY",2.15176220325946,0,32,32.8205912075999,-0.418053510614464
61,"RAMSEY",1.82454929205105,0,32,32.8205912075999,-0.418053510614464
61,"RAMSEY",1.64865862558738,0,32,32.8205912075999,-0.418053510614464
61,"RAMSEY",0.993251773010283,0,32,32.8205912075999,-0.418053510614464
61,"RAMSEY",0.182321556793955,0,32,32.8205912075999,-0.418053510614464
61,"RAMSEY",1.25276296849537,0,32,32.8205912075999,-0.418053510614464
61,"RAMSEY",1.70474809223843,0,32,32.8205912075999,-0.418053510614464
61,"RAMSEY",2.31253542384721,1,32,32.8205912075999,-0.418053510614464
61,"RAMSEY",1.70474809223843,0,32,32.8205912075999,-0.418053510614464
61,"RAMSEY",0.182321556793955,0,32,32.8205912075999,-0.418053510614464
61,"RAMSEY",1.58923520511658,0,32,32.8205912075999,-0.418053510614464
61,"RAMSEY",1.38629436111989,0,32,32.8205912075999,-0.418053510614464
61,"RAMSEY",1.25276296849537,0,32,32.8205912075999,-0.418053510614464
61,"RAMSEY",0.916290731874155,0,32,32.8205912075999,-0.418053510614464
61,"RAMSEY",0.182321556793955,0,32,32.8205912075999,-0.418053510614464
61,"RAMSEY",0.993251773010283,0,32,32.8205912075999,-0.418053510614464
61,"RAMSEY",0.53062825106217,0,32,32.8205912075999,-0.418053510614464
61,"RAMSEY",1.1314021114911,0,32,32.8205912075999,-0.418053510614464
61,"RAMSEY",-0.356674943938732,0,32,32.8205912075999,-0.418053510614464
61,"RAMSEY",0,0,32,32.8205912075999,-0.418053510614464
62,"REDWOOD",0.641853886172395,0,5,5.16038337826415,0.366322258590098
62,"REDWOOD",1.33500106673234,0,5,5.16038337826415,0.366322258590098
62,"REDWOOD",2.18605127673809,0,5,5.16038337826415,0.366322258590098
62,"REDWOOD",2.00148000021012,0,5,5.16038337826415,0.366322258590098
62,"REDWOOD",3.03013370027132,1,5,5.16038337826415,0.366322258590098
63,"RENVILLE",1.79175946922805,0,3,3.19145440698246,0.380577976600215
63,"RENVILLE",0.741937344729377,0,3,3.19145440698246,0.380577976600215
63,"RENVILLE",1.75785791755237,1,3,3.19145440698246,0.380577976600215
64,"RICE",2.27212588550934,0,11,11.2257881249259,0.193146092877103
64,"RICE",1.85629799036563,0,11,11.2257881249259,0.193146092877103
64,"RICE",1.52605630349505,0,11,11.2257881249259,0.193146092877103
64,"RICE",1.7227665977411,0,11,11.2257881249259,0.193146092877103
64,"RICE",2.94443897916644,0,11,11.2257881249259,0.193146092877103
64,"RICE",0.8754687373539,1,11,11.2257881249259,0.193146092877103
64,"RICE",1.09861228866811,0,11,11.2257881249259,0.193146092877103
64,"RICE",1.62924053973028,0,11,11.2257881249259,0.193146092877103
64,"RICE",2.04122032885964,0,11,11.2257881249259,0.193146092877103
64,"RICE",2.09186406167839,0,11,11.2257881249259,0.193146092877103
64,"RICE",1.54756250871601,0,11,11.2257881249259,0.193146092877103
65,"ROCK",2.12823170584927,0,2,2.14504715794757,0.528024865192056
65,"ROCK",0.470003629245736,0,2,2.14504715794757,0.528024865192056
66,"ROSEAU",1.79175946922805,1,14,13.1511143752946,-0.212045364648176
66,"ROSEAU",0.0953101798043249,1,14,13.1511143752946,-0.212045364648176
66,"ROSEAU",2.43361335540045,0,14,13.1511143752946,-0.212045364648176
66,"ROSEAU",1.45861502269952,1,14,13.1511143752946,-0.212045364648176
66,"ROSEAU",1.28093384546206,1,14,13.1511143752946,-0.212045364648176
66,"ROSEAU",2.33214389523559,0,14,13.1511143752946,-0.212045364648176
66,"ROSEAU",1.22377543162212,1,14,13.1511143752946,-0.212045364648176
66,"ROSEAU",1.1314021114911,0,14,13.1511143752946,-0.212045364648176
66,"ROSEAU",1.28093384546206,0,14,13.1511143752946,-0.212045364648176
66,"ROSEAU",0.993251773010283,0,14,13.1511143752946,-0.212045364648176
66,"ROSEAU",1.38629436111989,0,14,13.1511143752946,-0.212045364648176
66,"ROSEAU",0.182321556793955,1,14,13.1511143752946,-0.212045364648176
66,"ROSEAU",0.53062825106217,1,14,13.1511143752946,-0.212045364648176
66,"ROSEAU",1.43508452528932,1,14,13.1511143752946,-0.212045364648176
67,"SCOTT",2.96010509591084,1,13,12.3645167194319,0.0631156343140753
67,"SCOTT",2.2082744135228,1,13,12.3645167194319,0.0631156343140753
67,"SCOTT",0.693147180559945,0,13,12.3645167194319,0.0631156343140753
67,"SCOTT",2.43361335540045,0,13,12.3645167194319,0.0631156343140753
67,"SCOTT",2.32238772029023,0,13,12.3645167194319,0.0631156343140753
67,"SCOTT",0.741937344729377,1,13,12.3645167194319,0.0631156343140753
67,"SCOTT",0.182321556793955,0,13,12.3645167194319,0.0631156343140753
67,"SCOTT",1.16315080980568,0,13,12.3645167194319,0.0631156343140753
67,"SCOTT",0.693147180559945,1,13,12.3645167194319,0.0631156343140753
67,"SCOTT",1.45861502269952,0,13,12.3645167194319,0.0631156343140753
67,"SCOTT",0.78845736036427,0,13,12.3645167194319,0.0631156343140753
67,"SCOTT",1.68639895357023,0,13,12.3645167194319,0.0631156343140753
67,"SCOTT",3.22684399451738,0,13,12.3645167194319,0.0631156343140753
68,"SHERBURNE",1.62924053973028,0,8,7.91194326248139,-0.683436482376788
68,"SHERBURNE",0.832909122935104,0,8,7.91194326248139,-0.683436482376788
68,"SHERBURNE",1.16315080980568,0,8,7.91194326248139,-0.683436482376788
68,"SHERBURNE",0.916290731874155,0,8,7.91194326248139,-0.683436482376788
68,"SHERBURNE",1.02961941718116,0,8,7.91194326248139,-0.683436482376788
68,"SHERBURNE",1.1314021114911,0,8,7.91194326248139,-0.683436482376788
68,"SHERBURNE",0.470003629245736,0,8,7.91194326248139,-0.683436482376788
68,"SHERBURNE",1.54756250871601,0,8,7.91194326248139,-0.683436482376788
69,"SIBLEY",1.38629436111989,0,4,3.64473507671553,0.23721212323308
69,"SIBLEY",1.6094379124341,0,4,3.64473507671553,0.23721212323308
69,"SIBLEY",0.405465108108164,0,4,3.64473507671553,0.23721212323308
69,"SIBLEY",1.56861591791385,0,4,3.64473507671553,0.23721212323308
70,"STLOUIS",-0.22314355131421,0,116,119.574346933519,-0.474673717150503
70,"STLOUIS",-0.693147180559945,1,116,119.574346933519,-0.474673717150503
70,"STLOUIS",0.8754687373539,0,116,119.574346933519,-0.474673717150503
70,"STLOUIS",0.832909122935104,0,116,119.574346933519,-0.474673717150503
70,"STLOUIS",1.52605630349505,0,116,119.574346933519,-0.474673717150503
70,"STLOUIS",2.39789527279837,0,116,119.574346933519,-0.474673717150503
70,"STLOUIS",2.70136121295141,0,116,119.574346933519,-0.474673717150503
70,"STLOUIS",2.15176220325946,0,116,119.574346933519,-0.474673717150503
70,"STLOUIS",1.50407739677627,0,116,119.574346933519,-0.474673717150503
70,"STLOUIS",0.405465108108164,0,116,119.574346933519,-0.474673717150503
70,"STLOUIS",1.3609765531356,0,116,119.574346933519,-0.474673717150503
70,"STLOUIS",0.587786664902119,0,116,119.574346933519,-0.474673717150503
70,"STLOUIS",0.470003629245736,0,116,119.574346933519,-0.474673717150503
70,"STLOUIS",-0.693147180559945,0,116,119.574346933519,-0.474673717150503
70,"STLOUIS",-0.916290731874155,1,116,119.574346933519,-0.474673717150503
70,"STLOUIS",-0.693147180559945,1,116,119.574346933519,-0.474673717150503
70,"STLOUIS",2.16332302566054,0,116,119.574346933519,-0.474673717150503
70,"STLOUIS",0.470003629245736,1,116,119.574346933519,-0.474673717150503
70,"STLOUIS",0.336472236621213,0,116,119.574346933519,-0.474673717150503
70,"STLOUIS",2.16332302566054,0,116,119.574346933519,-0.474673717150503
70,"STLOUIS",2.40694510831829,0,116,119.574346933519,-0.474673717150503
70,"STLOUIS",0.405465108108164,0,116,119.574346933519,-0.474673717150503
70,"STLOUIS",0.0953101798043249,0,116,119.574346933519,-0.474673717150503
70,"STLOUIS",-0.105360515657826,1,116,119.574346933519,-0.474673717150503
70,"STLOUIS",-0.356674943938732,0,116,119.574346933519,-0.474673717150503
70,"STLOUIS",1.43508452528932,0,116,119.574346933519,-0.474673717150503
70,"STLOUIS",1.22377543162212,0,116,119.574346933519,-0.474673717150503
70,"STLOUIS",0.741937344729377,1,116,119.574346933519,-0.474673717150503
70,"STLOUIS",1.06471073699243,0,116,119.574346933519,-0.474673717150503
70,"STLOUIS",0.587786664902119,0,116,119.574346933519,-0.474673717150503
70,"STLOUIS",0.587786664902119,0,116,119.574346933519,-0.474673717150503
70,"STLOUIS",0.8754687373539,0,116,119.574346933519,-0.474673717150503
70,"STLOUIS",0.53062825106217,0,116,119.574346933519,-0.474673717150503
70,"STLOUIS",-0.22314355131421,1,116,119.574346933519,-0.474673717150503
70,"STLOUIS",2.45958884180371,0,116,119.574346933519,-0.474673717150503
70,"STLOUIS",0.587786664902119,0,116,119.574346933519,-0.474673717150503
70,"STLOUIS",1.02961941718116,0,116,119.574346933519,-0.474673717150503
70,"STLOUIS",1.25276296849537,1,116,119.574346933519,-0.474673717150503
70,"STLOUIS",1.28093384546206,0,116,119.574346933519,-0.474673717150503
70,"STLOUIS",1.25276296849537,0,116,119.574346933519,-0.474673717150503
70,"STLOUIS",1.09861228866811,0,116,119.574346933519,-0.474673717150503
70,"STLOUIS",1.16315080980568,1,116,119.574346933519,-0.474673717150503
70,"STLOUIS",1.1314021114911,0,116,119.574346933519,-0.474673717150503
70,"STLOUIS",1.19392246847243,0,116,119.574346933519,-0.474673717150503
70,"STLOUIS",0.53062825106217,1,116,119.574346933519,-0.474673717150503
70,"STLOUIS",1.7227665977411,0,116,119.574346933519,-0.474673717150503
70,"STLOUIS",1.22377543162212,0,116,119.574346933519,-0.474673717150503
70,"STLOUIS",0.405465108108164,0,116,119.574346933519,-0.474673717150503
70,"STLOUIS",3.47196645255036,0,116,119.574346933519,-0.474673717150503
70,"STLOUIS",0.0953101798043249,0,116,119.574346933519,-0.474673717150503
70,"STLOUIS",0.741937344729377,0,116,119.574346933519,-0.474673717150503
70,"STLOUIS",-0.22314355131421,0,116,119.574346933519,-0.474673717150503
70,"STLOUIS",0.405465108108164,0,116,119.574346933519,-0.474673717150503
70,"STLOUIS",0.262364264467491,0,116,119.574346933519,-0.474673717150503
70,"STLOUIS",1.1314021114911,0,116,119.574346933519,-0.474673717150503
70,"STLOUIS",1.97408102602201,0,116,119.574346933519,-0.474673717150503
70,"STLOUIS",0.336472236621213,0,116,119.574346933519,-0.474673717150503
70,"STLOUIS",0.262364264467491,0,116,119.574346933519,-0.474673717150503
70,"STLOUIS",0.405465108108164,0,116,119.574346933519,-0.474673717150503
70,"STLOUIS",1.6094379124341,0,116,119.574346933519,-0.474673717150503
70,"STLOUIS",0.832909122935104,0,116,119.574346933519,-0.474673717150503
70,"STLOUIS",0.8754687373539,0,116,119.574346933519,-0.474673717150503
70,"STLOUIS",0.182321556793955,0,116,119.574346933519,-0.474673717150503
70,"STLOUIS",1.68639895357023,0,116,119.574346933519,-0.474673717150503
70,"STLOUIS",0.0953101798043249,0,116,119.574346933519,-0.474673717150503
70,"STLOUIS",0.336472236621213,0,116,119.574346933519,-0.474673717150503
70,"STLOUIS",1.97408102602201,1,116,119.574346933519,-0.474673717150503
70,"STLOUIS",0.0953101798043249,0,116,119.574346933519,-0.474673717150503
70,"STLOUIS",1.19392246847243,0,116,119.574346933519,-0.474673717150503
70,"STLOUIS",1.16315080980568,0,116,119.574346933519,-0.474673717150503
70,"STLOUIS",0.405465108108164,0,116,119.574346933519,-0.474673717150503
70,"STLOUIS",1.28093384546206,0,116,119.574346933519,-0.474673717150503
70,"STLOUIS",-0.22314355131421,0,116,119.574346933519,-0.474673717150503
70,"STLOUIS",0.470003629245736,0,116,119.574346933519,-0.474673717150503
70,"STLOUIS",0.336472236621213,0,116,119.574346933519,-0.474673717150503
70,"STLOUIS",0.993251773010283,0,116,119.574346933519,-0.474673717150503
70,"STLOUIS",1.19392246847243,0,116,119.574346933519,-0.474673717150503
70,"STLOUIS",-0.105360515657826,0,116,119.574346933519,-0.474673717150503
70,"STLOUIS",-0.510825623765991,0,116,119.574346933519,-0.474673717150503
70,"STLOUIS",0.693147180559945,0,116,119.574346933519,-0.474673717150503
70,"STLOUIS",0.641853886172395,0,116,119.574346933519,-0.474673717150503
70,"STLOUIS",-0.105360515657826,0,116,119.574346933519,-0.474673717150503
70,"STLOUIS",1.68639895357023,0,116,119.574346933519,-0.474673717150503
70,"STLOUIS",0.405465108108164,0,116,119.574346933519,-0.474673717150503
70,"STLOUIS",1.1314021114911,0,116,119.574346933519,-0.474673717150503
70,"STLOUIS",0.587786664902119,0,116,119.574346933519,-0.474673717150503
70,"STLOUIS",-0.105360515657826,1,116,119.574346933519,-0.474673717150503
70,"STLOUIS",1.19392246847243,0,116,119.574346933519,-0.474673717150503
70,"STLOUIS",0.53062825106217,0,116,119.574346933519,-0.474673717150503
70,"STLOUIS",1.1314021114911,0,116,119.574346933519,-0.474673717150503
70,"STLOUIS",-0.356674943938732,1,116,119.574346933519,-0.474673717150503
70,"STLOUIS",1.45861502269952,0,116,119.574346933519,-0.474673717150503
70,"STLOUIS",0.336472236621213,0,116,119.574346933519,-0.474673717150503
70,"STLOUIS",0.587786664902119,0,116,119.574346933519,-0.474673717150503
70,"STLOUIS",0.405465108108164,0,116,119.574346933519,-0.474673717150503
70,"STLOUIS",0.78845736036427,1,116,119.574346933519,-0.474673717150503
70,"STLOUIS",0.8754687373539,0,116,119.574346933519,-0.474673717150503
70,"STLOUIS",0.993251773010283,0,116,119.574346933519,-0.474673717150503
70,"STLOUIS",0.53062825106217,0,116,119.574346933519,-0.474673717150503
70,"STLOUIS",0.0953101798043249,1,116,119.574346933519,-0.474673717150503
70,"STLOUIS",0.587786664902119,1,116,119.574346933519,-0.474673717150503
70,"STLOUIS",-1.6094379124341,0,116,119.574346933519,-0.474673717150503
70,"STLOUIS",0.78845736036427,0,116,119.574346933519,-0.474673717150503
70,"STLOUIS",1.52605630349505,0,116,119.574346933519,-0.474673717150503
70,"STLOUIS",0.741937344729377,0,116,119.574346933519,-0.474673717150503
70,"STLOUIS",0.693147180559945,0,116,119.574346933519,-0.474673717150503
70,"STLOUIS",-0.356674943938732,0,116,119.574346933519,-0.474673717150503
70,"STLOUIS",1.85629799036563,0,116,119.574346933519,-0.474673717150503
70,"STLOUIS",1.09861228866811,0,116,119.574346933519,-0.474673717150503
70,"STLOUIS",0.693147180559945,0,116,119.574346933519,-0.474673717150503
70,"STLOUIS",-0.105360515657826,0,116,119.574346933519,-0.474673717150503
70,"STLOUIS",1.19392246847243,0,116,119.574346933519,-0.474673717150503
70,"STLOUIS",0.587786664902119,0,116,119.574346933519,-0.474673717150503
70,"STLOUIS",0.587786664902119,0,116,119.574346933519,-0.474673717150503
70,"STLOUIS",0.78845736036427,0,116,119.574346933519,-0.474673717150503
70,"STLOUIS",1.45861502269952,0,116,119.574346933519,-0.474673717150503
71,"STEARNS",2.01490302054226,0,25,22.8217103030265,0.116395406677788
71,"STEARNS",1.85629799036563,0,25,22.8217103030265,0.116395406677788
71,"STEARNS",2.11625551480255,0,25,22.8217103030265,0.116395406677788
71,"STEARNS",0.741937344729377,0,25,22.8217103030265,0.116395406677788
71,"STEARNS",1.19392246847243,0,25,22.8217103030265,0.116395406677788
71,"STEARNS",0.262364264467491,0,25,22.8217103030265,0.116395406677788
71,"STEARNS",1.6094379124341,0,25,22.8217103030265,0.116395406677788
71,"STEARNS",0,1,25,22.8217103030265,0.116395406677788
71,"STEARNS",1.94591014905531,0,25,22.8217103030265,0.116395406677788
71,"STEARNS",1.7404661748405,0,25,22.8217103030265,0.116395406677788
71,"STEARNS",2.31253542384721,0,25,22.8217103030265,0.116395406677788
71,"STEARNS",1.88706964903238,0,25,22.8217103030265,0.116395406677788
71,"STEARNS",0.955511445027436,1,25,22.8217103030265,0.116395406677788
71,"STEARNS",1.19392246847243,0,25,22.8217103030265,0.116395406677788
71,"STEARNS",0.405465108108164,1,25,22.8217103030265,0.116395406677788
71,"STEARNS",1.6094379124341,0,25,22.8217103030265,0.116395406677788
71,"STEARNS",2.00148000021012,0,25,22.8217103030265,0.116395406677788
71,"STEARNS",2.67414864942653,0,25,22.8217103030265,0.116395406677788
71,"STEARNS",0.587786664902119,0,25,22.8217103030265,0.116395406677788
71,"STEARNS",2.00148000021012,0,25,22.8217103030265,0.116395406677788
71,"STEARNS",0.955511445027436,0,25,22.8217103030265,0.116395406677788
71,"STEARNS",1.30833281965018,0,25,22.8217103030265,0.116395406677788
71,"STEARNS",0.641853886172395,0,25,22.8217103030265,0.116395406677788
71,"STEARNS",0.78845736036427,1,25,22.8217103030265,0.116395406677788
71,"STEARNS",1.6094379124341,0,25,22.8217103030265,0.116395406677788
72,"STEELE",1.98787434815435,0,10,10.7131695471647,0.269805738660408
72,"STEELE",1.30833281965018,0,10,10.7131695471647,0.269805738660408
72,"STEELE",1.06471073699243,0,10,10.7131695471647,0.269805738660408
72,"STEELE",1.48160454092422,0,10,10.7131695471647,0.269805738660408
72,"STEELE",2.12823170584927,0,10,10.7131695471647,0.269805738660408
72,"STEELE",1.62924053973028,0,10,10.7131695471647,0.269805738660408
72,"STEELE",1.28093384546206,0,10,10.7131695471647,0.269805738660408
72,"STEELE",0.405465108108164,0,10,10.7131695471647,0.269805738660408
72,"STEELE",2.15176220325946,0,10,10.7131695471647,0.269805738660408
72,"STEELE",2.36085400111802,0,10,10.7131695471647,0.269805738660408
73,"STEVENS",2.07944154167984,0,2,1.85620536446037,0.470778329088307
73,"STEVENS",1.50407739677627,0,2,1.85620536446037,0.470778329088307
74,"SWIFT",1.09861228866811,0,4,4.1803759372038,0.316028975591628
74,"SWIFT",0.8754687373539,0,4,4.1803759372038,0.316028975591628
74,"SWIFT",0.405465108108164,0,4,4.1803759372038,0.316028975591628
74,"SWIFT",1.56861591791385,0,4,4.1803759372038,0.316028975591628
75,"TODD",1.91692261218206,0,3,3.23294874603458,-0.0468400668458182
75,"TODD",0.741937344729377,0,3,3.23294874603458,-0.0468400668458182
75,"TODD",1.79175946922805,1,3,3.23294874603458,-0.0468400668458182
76,"TRAVERSE",1.06471073699243,1,4,3.78445715491217,0.497594476916848
76,"TRAVERSE",1.90210752639692,0,4,3.78445715491217,0.497594476916848
76,"TRAVERSE",2.96010509591084,0,4,3.78445715491217,0.497594476916848
76,"TRAVERSE",1.38629436111989,0,4,3.78445715491217,0.497594476916848
77,"WABASHA",1.77495235091167,0,7,7.08616656211004,0.150082415651304
77,"WABASHA",2.19722457733622,0,7,7.08616656211004,0.150082415651304
77,"WABASHA",2.12823170584927,0,7,7.08616656211004,0.150082415651304
77,"WABASHA",0.0953101798043249,1,7,7.08616656211004,0.150082415651304
77,"WABASHA",1.1314021114911,0,7,7.08616656211004,0.150082415651304
77,"WABASHA",2.4423470353692,0,7,7.08616656211004,0.150082415651304
77,"WABASHA",2.26176309847379,0,7,7.08616656211004,0.150082415651304
78,"WADENA",1.06471073699243,0,5,4.94477046390025,-0.672029731746026
78,"WADENA",-0.356674943938732,1,5,4.94477046390025,-0.672029731746026
78,"WADENA",1.16315080980568,1,5,4.94477046390025,-0.672029731746026
78,"WADENA",1.54756250871601,0,5,4.94477046390025,-0.672029731746026
78,"WADENA",1.56861591791385,0,5,4.94477046390025,-0.672029731746026
79,"WASECA",-0.916290731874155,0,4,4.23412405070411,0.212414197101124
79,"WASECA",2.23001440015921,0,4,4.23412405070411,0.212414197101124
79,"WASECA",0.53062825106217,0,4,4.23412405070411,0.212414197101124
79,"WASECA",-0.105360515657826,1,4,4.23412405070411,0.212414197101124
80,"WASHINGTON",2.32238772029023,0,46,43.9700779555487,-0.147484283042756
80,"WASHINGTON",2.04122032885964,0,46,43.9700779555487,-0.147484283042756
80,"WASHINGTON",0.78845736036427,0,46,43.9700779555487,-0.147484283042756
80,"WASHINGTON",1.87180217690159,0,46,43.9700779555487,-0.147484283042756
80,"WASHINGTON",2.50143595173921,0,46,43.9700779555487,-0.147484283042756
80,"WASHINGTON",1.52605630349505,0,46,43.9700779555487,-0.147484283042756
80,"WASHINGTON",1.82454929205105,0,46,43.9700779555487,-0.147484283042756
80,"WASHINGTON",1.87180217690159,0,46,43.9700779555487,-0.147484283042756
80,"WASHINGTON",1.02961941718116,0,46,43.9700779555487,-0.147484283042756
80,"WASHINGTON",0.641853886172395,0,46,43.9700779555487,-0.147484283042756
80,"WASHINGTON",0.182321556793955,1,46,43.9700779555487,-0.147484283042756
80,"WASHINGTON",0.8754687373539,0,46,43.9700779555487,-0.147484283042756
80,"WASHINGTON",0,0,46,43.9700779555487,-0.147484283042756
80,"WASHINGTON",0.182321556793955,1,46,43.9700779555487,-0.147484283042756
80,"WASHINGTON",0.470003629245736,0,46,43.9700779555487,-0.147484283042756
80,"WASHINGTON",-0.22314355131421,0,46,43.9700779555487,-0.147484283042756
80,"WASHINGTON",0.53062825106217,0,46,43.9700779555487,-0.147484283042756
80,"WASHINGTON",1.54756250871601,0,46,43.9700779555487,-0.147484283042756
80,"WASHINGTON",0.53062825106217,1,46,43.9700779555487,-0.147484283042756
80,"WASHINGTON",1.19392246847243,0,46,43.9700779555487,-0.147484283042756
80,"WASHINGTON",-0.22314355131421,1,46,43.9700779555487,-0.147484283042756
80,"WASHINGTON",2.28238238567653,0,46,43.9700779555487,-0.147484283042756
80,"WASHINGTON",1.66770682055808,0,46,43.9700779555487,-0.147484283042756
80,"WASHINGTON",2.14006616349627,0,46,43.9700779555487,-0.147484283042756
80,"WASHINGTON",0.641853886172395,0,46,43.9700779555487,-0.147484283042756
80,"WASHINGTON",1.88706964903238,0,46,43.9700779555487,-0.147484283042756
80,"WASHINGTON",1.33500106673234,0,46,43.9700779555487,-0.147484283042756
80,"WASHINGTON",1.77495235091167,0,46,43.9700779555487,-0.147484283042756
80,"WASHINGTON",1.58923520511658,0,46,43.9700779555487,-0.147484283042756
80,"WASHINGTON",0.916290731874155,1,46,43.9700779555487,-0.147484283042756
80,"WASHINGTON",2.37024374146786,0,46,43.9700779555487,-0.147484283042756
80,"WASHINGTON",0.8754687373539,0,46,43.9700779555487,-0.147484283042756
80,"WASHINGTON",0.741937344729377,0,46,43.9700779555487,-0.147484283042756
80,"WASHINGTON",1.54756250871601,0,46,43.9700779555487,-0.147484283042756
80,"WASHINGTON",1.30833281965018,0,46,43.9700779555487,-0.147484283042756
80,"WASHINGTON",2.59525470695687,0,46,43.9700779555487,-0.147484283042756
80,"WASHINGTON",1.06471073699243,0,46,43.9700779555487,-0.147484283042756
80,"WASHINGTON",1.45861502269952,0,46,43.9700779555487,-0.147484283042756
80,"WASHINGTON",1.33500106673234,0,46,43.9700779555487,-0.147484283042756
80,"WASHINGTON",0.587786664902119,0,46,43.9700779555487,-0.147484283042756
80,"WASHINGTON",0.405465108108164,0,46,43.9700779555487,-0.147484283042756
80,"WASHINGTON",0.587786664902119,0,46,43.9700779555487,-0.147484283042756
80,"WASHINGTON",0.262364264467491,0,46,43.9700779555487,-0.147484283042756
80,"WASHINGTON",1.88706964903238,0,46,43.9700779555487,-0.147484283042756
80,"WASHINGTON",3.01553490085017,0,46,43.9700779555487,-0.147484283042756
80,"WASHINGTON",1.79175946922805,0,46,43.9700779555487,-0.147484283042756
81,"WATONWAN",2.62466859216316,0,3,2.72460451188516,0.183237803578308
81,"WATONWAN",2.32238772029023,1,3,2.72460451188516,0.183237803578308
81,"WATONWAN",1.7404661748405,1,3,2.72460451188516,0.183237803578308
82,"WILKIN",2.23001440015921,0,1,0.913696438533557,0.236036084296147
83,"WINONA",1.22377543162212,0,13,12.2026977988137,0.463211867357523
83,"WINONA",1.41098697371026,0,13,12.2026977988137,0.463211867357523
83,"WINONA",2.45100509811232,0,13,12.2026977988137,0.463211867357523
83,"WINONA",1.97408102602201,0,13,12.2026977988137,0.463211867357523
83,"WINONA",1.54756250871601,0,13,12.2026977988137,0.463211867357523
83,"WINONA",0.587786664902119,1,13,12.2026977988137,0.463211867357523
83,"WINONA",-0.356674943938732,1,13,12.2026977988137,0.463211867357523
83,"WINONA",1.54756250871601,0,13,12.2026977988137,0.463211867357523
83,"WINONA",2.32238772029023,0,13,12.2026977988137,0.463211867357523
83,"WINONA",2.42480272571829,0,13,12.2026977988137,0.463211867357523
83,"WINONA",2.02814824729229,0,13,12.2026977988137,0.463211867357523
83,"WINONA",2.46809953147162,0,13,12.2026977988137,0.463211867357523
83,"WINONA",-0.693147180559945,1,13,12.2026977988137,0.463211867357523
84,"WRIGHT",1.90210752639692,0,13,11.8213850001013,-0.0900242748478867
84,"WRIGHT",1.66770682055808,0,13,11.8213850001013,-0.0900242748478867
84,"WRIGHT",1.1314021114911,0,13,11.8213850001013,-0.0900242748478867
84,"WRIGHT",0.741937344729377,0,13,11.8213850001013,-0.0900242748478867
84,"WRIGHT",1.98787434815435,0,13,11.8213850001013,-0.0900242748478867
84,"WRIGHT",1.62924053973028,0,13,11.8213850001013,-0.0900242748478867
84,"WRIGHT",0.78845736036427,0,13,11.8213850001013,-0.0900242748478867
84,"WRIGHT",0.832909122935104,1,13,11.8213850001013,-0.0900242748478867
84,"WRIGHT",2.76631910922619,0,13,11.8213850001013,-0.0900242748478867
84,"WRIGHT",2.2512917986065,0,13,11.8213850001013,-0.0900242748478867
84,"WRIGHT",1.85629799036563,0,13,11.8213850001013,-0.0900242748478867
84,"WRIGHT",1.50407739677627,0,13,11.8213850001013,-0.0900242748478867
84,"WRIGHT",1.6094379124341,0,13,11.8213850001013,-0.0900242748478867
85,"YELLOWMEDICINE",1.30833281965018,0,2,2.01386159193085,0.355286981163884
85,"YELLOWMEDICINE",1.06471073699243,0,2,2.01386159193085,0.355286981163884
